CSA2010,institution_name,nLoans
Allendale/Irvington/S. Hilton,ALLY BANK (UT),1
Allendale/Irvington/S. Hilton,"American Express, FSB (UT)",5
Allendale/Irvington/S. Hilton,"Bank of America, N.A. (CA)",4
Allendale/Irvington/S. Hilton,Barrington Bank and Trust (IL),4
Allendale/Irvington/S. Hilton,"CITIBANK, N.A. (NY)",5
Allendale/Irvington/S. Hilton,COMENITY CAPITAL BANK (UT),1
Allendale/Irvington/S. Hilton,"Capital One Bank (USA), N.A. (VA)",5
Allendale/Irvington/S. Hilton,"Chase Bank USA, NA (DE)",3
Allendale/Irvington/S. Hilton,M&T BANK (NY),1
Allendale/Irvington/S. Hilton,PNC BANK N.A. (PA),4
Allendale/Irvington/S. Hilton,"SUNTRUST BANKS, INC (GA)",1
Allendale/Irvington/S. Hilton,Synchrony Bank (UT),3
Allendale/Irvington/S. Hilton,TCF National Bank (SD),1
Allendale/Irvington/S. Hilton,TEXAS CAPITAL BANK (TX),1
Allendale/Irvington/S. Hilton,US BANK NA (WI),3
Allendale/Irvington/S. Hilton,"WELLS FARGO BANK, N.A. (CA)",4
Allendale/Irvington/S. Hilton,WEX BANK (UT),2
Beechfield/Ten Hills/West Hills,ALLY BANK (UT),1
Beechfield/Ten Hills/West Hills,"American Express, FSB (UT)",3
Beechfield/Ten Hills/West Hills,"Bank of America, N.A. (CA)",3
Beechfield/Ten Hills/West Hills,Barrington Bank and Trust (IL),2
Beechfield/Ten Hills/West Hills,"CITIBANK, N.A. (NY)",3
Beechfield/Ten Hills/West Hills,"Capital One Bank (USA), N.A. (VA)",3
Beechfield/Ten Hills/West Hills,"Chase Bank USA, NA (DE)",3
Beechfield/Ten Hills/West Hills,EVERBANK (FL),1
Beechfield/Ten Hills/West Hills,Lake Forest Bank and Trust (IL),1
Beechfield/Ten Hills/West Hills,M&T BANK (NY),1
Beechfield/Ten Hills/West Hills,PNC BANK N.A. (PA),2
Beechfield/Ten Hills/West Hills,"SUNTRUST BANKS, INC (GA)",2
Beechfield/Ten Hills/West Hills,Synchrony Bank (UT),2
Beechfield/Ten Hills/West Hills,TCF National Bank (SD),1
Beechfield/Ten Hills/West Hills,TEXAS CAPITAL BANK (TX),1
Beechfield/Ten Hills/West Hills,Town Bank (WI),1
Beechfield/Ten Hills/West Hills,US BANK NA (WI),3
Beechfield/Ten Hills/West Hills,"WELLS FARGO BANK, N.A. (CA)",2
Belair-Edison,"American Express, FSB (UT)",4
Belair-Edison,"BMO Harris Bank, N.A. (IL)",2
Belair-Edison,"Bank of America, N.A. (CA)",2
Belair-Edison,Barrington Bank and Trust (IL),1
Belair-Edison,Bofi Federal Bank (CA),1
Belair-Edison,"CITIBANK, N.A. (NY)",3
Belair-Edison,"Capital One Bank (USA), N.A. (VA)",3
Belair-Edison,"Chase Bank USA, NA (DE)",2
Belair-Edison,Lake Forest Bank and Trust (IL),2
Belair-Edison,M&T BANK (NY),1
Belair-Edison,MetaBank (IA),2
Belair-Edison,Northbrook Bank & Trust Co (IL),1
Belair-Edison,PNC BANK N.A. (PA),3
Belair-Edison,Sandy Spring Bank (MD),1
Belair-Edison,Synchrony Bank (UT),3
Belair-Edison,TD Bank N.A. (DE),1
Belair-Edison,UNITED BANK INC (WV),1
Belair-Edison,US BANK NA (WI),3
Belair-Edison,"WELLS FARGO BANK, N.A. (CA)",4
Belair-Edison,WEX BANK (UT),1
Brooklyn/Curtis Bay/Hawkins Point,1ST MARINER BANK (MD),2
Brooklyn/Curtis Bay/Hawkins Point,ALLY BANK (UT),2
Brooklyn/Curtis Bay/Hawkins Point,"American Express, FSB (UT)",4
Brooklyn/Curtis Bay/Hawkins Point,BANK OF HOPE (CA),1
Brooklyn/Curtis Bay/Hawkins Point,"BMO Harris Bank, N.A. (IL)",1
Brooklyn/Curtis Bay/Hawkins Point,"Bank of America, N.A. (CA)",3
Brooklyn/Curtis Bay/Hawkins Point,Barrington Bank and Trust (IL),3
Brooklyn/Curtis Bay/Hawkins Point,"CITIBANK, N.A. (NY)",4
Brooklyn/Curtis Bay/Hawkins Point,"Capital One Bank (USA), N.A. (VA)",4
Brooklyn/Curtis Bay/Hawkins Point,"Capital One, N.A. (VA)",1
Brooklyn/Curtis Bay/Hawkins Point,"Chase Bank USA, NA (DE)",3
Brooklyn/Curtis Bay/Hawkins Point,"Citizens Bank, NA (RI)",1
Brooklyn/Curtis Bay/Hawkins Point,FIRST NATIONAL BANK OF PA (PA),1
Brooklyn/Curtis Bay/Hawkins Point,First Citzens Bank & Trust Co (NC),1
Brooklyn/Curtis Bay/Hawkins Point,"John Deere Financial, f.s.b. (WI)",1
Brooklyn/Curtis Bay/Hawkins Point,M&T BANK (NY),2
Brooklyn/Curtis Bay/Hawkins Point,MetaBank (IA),1
Brooklyn/Curtis Bay/Hawkins Point,PNC BANK N.A. (PA),2
Brooklyn/Curtis Bay/Hawkins Point,Sandy Spring Bank (MD),2
Brooklyn/Curtis Bay/Hawkins Point,Synchrony Bank (UT),2
Brooklyn/Curtis Bay/Hawkins Point,TEXAS CAPITAL BANK (TX),3
Brooklyn/Curtis Bay/Hawkins Point,THE BANK OF GLEN BURNIE (MD),1
Brooklyn/Curtis Bay/Hawkins Point,The Columbia Bank (MD),1
Brooklyn/Curtis Bay/Hawkins Point,US BANK NA (WI),3
Brooklyn/Curtis Bay/Hawkins Point,"WELLS FARGO BANK, N.A. (CA)",4
Brooklyn/Curtis Bay/Hawkins Point,WEX BANK (UT),3
Canton,1ST MARINER BANK (MD),1
Canton,AMERIS BANK (GA),1
Canton,"American Express, FSB (UT)",3
Canton,"Bank of America, N.A. (CA)",3
Canton,Barrington Bank and Trust (IL),3
Canton,Bofi Federal Bank (CA),1
Canton,"CITIBANK, N.A. (NY)",3
Canton,"Capital One Bank (USA), N.A. (VA)",3
Canton,"Chase Bank USA, NA (DE)",2
Canton,HOWARD BANK (MD),1
Canton,JPMorgan Chase Bank NA (OH),1
Canton,M&T BANK (NY),3
Canton,PNC BANK N.A. (PA),3
Canton,Pacific Western Bank (CA),1
Canton,"SUNTRUST BANKS, INC (GA)",2
Canton,Synchrony Bank (UT),2
Canton,US BANK NA (WI),3
Canton,"WELLS FARGO BANK, N.A. (CA)",2
Canton,WEX BANK (UT),1
Cedonia/Frankford,ALLY BANK (UT),1
Cedonia/Frankford,"American Express, FSB (UT)",5
Cedonia/Frankford,"Bank of America, N.A. (CA)",5
Cedonia/Frankford,Barrington Bank and Trust (IL),3
Cedonia/Frankford,"CITIBANK, N.A. (NY)",5
Cedonia/Frankford,COMENITY CAPITAL BANK (UT),1
Cedonia/Frankford,"Capital One Bank (USA), N.A. (VA)",5
Cedonia/Frankford,"Chase Bank USA, NA (DE)",4
Cedonia/Frankford,"Citizens Bank, NA (RI)",1
Cedonia/Frankford,FIRST NATIONAL BANK OF OMAHA (NE),1
Cedonia/Frankford,MetaBank (IA),2
Cedonia/Frankford,Old Line Bank (MD),1
Cedonia/Frankford,PNC BANK N.A. (PA),3
Cedonia/Frankford,"SUNTRUST BANKS, INC (GA)",1
Cedonia/Frankford,Sandy Spring Bank (MD),1
Cedonia/Frankford,Synchrony Bank (UT),4
Cedonia/Frankford,US BANK NA (WI),3
Cedonia/Frankford,"WELLS FARGO BANK, N.A. (CA)",5
Cedonia/Frankford,WEX BANK (UT),1
Cherry Hill,"American Express, FSB (UT)",3
Cherry Hill,"Bank of America, N.A. (CA)",2
Cherry Hill,Barrington Bank and Trust (IL),1
Cherry Hill,"CITIBANK, N.A. (NY)",2
Cherry Hill,"Capital One Bank (USA), N.A. (VA)",3
Cherry Hill,"Chase Bank USA, NA (DE)",1
Cherry Hill,PNC BANK N.A. (PA),1
Cherry Hill,Signature Bank (NY),1
Cherry Hill,Synchrony Bank (UT),2
Cherry Hill,TCF National Bank (SD),2
Cherry Hill,"WELLS FARGO BANK, N.A. (CA)",2
Chinquapin Park/Belvedere,"American Express, FSB (UT)",2
Chinquapin Park/Belvedere,"BMO Harris Bank, N.A. (IL)",1
Chinquapin Park/Belvedere,"Bank of America, N.A. (CA)",2
Chinquapin Park/Belvedere,BankUnited (FL),1
Chinquapin Park/Belvedere,"CITIBANK, N.A. (NY)",2
Chinquapin Park/Belvedere,"Capital One Bank (USA), N.A. (VA)",2
Chinquapin Park/Belvedere,"Chase Bank USA, NA (DE)",2
Chinquapin Park/Belvedere,PNC BANK N.A. (PA),2
Chinquapin Park/Belvedere,"SUNTRUST BANKS, INC (GA)",2
Chinquapin Park/Belvedere,Synchrony Bank (UT),2
Chinquapin Park/Belvedere,US BANK NA (WI),2
Chinquapin Park/Belvedere,"WELLS FARGO BANK, N.A. (CA)",2
Chinquapin Park/Belvedere,WSFS Bank (DE),1
Claremont/Armistead,ALLY BANK (UT),2
Claremont/Armistead,AMERIS BANK (GA),1
Claremont/Armistead,American Express Centurion Bk (UT),2
Claremont/Armistead,"American Express, FSB (UT)",4
Claremont/Armistead,"Bank of America, N.A. (CA)",4
Claremont/Armistead,Bank of the West (CA),2
Claremont/Armistead,Barrington Bank and Trust (IL),3
Claremont/Armistead,"CITIBANK, N.A. (NY)",4
Claremont/Armistead,"Capital One Bank (USA), N.A. (VA)",4
Claremont/Armistead,"Chase Bank USA, NA (DE)",4
Claremont/Armistead,"Citizens Bank, NA (RI)",1
Claremont/Armistead,FIRST NATIONAL BANK OF PA (PA),1
Claremont/Armistead,HOWARD BANK (MD),1
Claremont/Armistead,M&T BANK (NY),2
Claremont/Armistead,PNC BANK N.A. (PA),3
Claremont/Armistead,"SUNTRUST BANKS, INC (GA)",2
Claremont/Armistead,Synchrony Bank (UT),3
Claremont/Armistead,TEXAS CAPITAL BANK (TX),1
Claremont/Armistead,The Columbia Bank (MD),1
Claremont/Armistead,US BANK NA (WI),2
Claremont/Armistead,"WELLS FARGO BANK, N.A. (CA)",2
Claremont/Armistead,WEX BANK (UT),2
Clifton-Berea,1ST MARINER BANK (MD),1
Clifton-Berea,"American Express, FSB (UT)",2
Clifton-Berea,"Bank of America, N.A. (CA)",4
Clifton-Berea,"CITIBANK, N.A. (NY)",1
Clifton-Berea,"Capital One Bank (USA), N.A. (VA)",4
Clifton-Berea,"Chase Bank USA, NA (DE)",1
Clifton-Berea,FIRST NATIONAL BANK OF OMAHA (NE),1
Clifton-Berea,Lake Forest Bank and Trust (IL),1
Clifton-Berea,M&T BANK (NY),1
Clifton-Berea,MetaBank (IA),1
Clifton-Berea,PNC BANK N.A. (PA),2
Clifton-Berea,STEARNS BANK N A (MN),1
Clifton-Berea,"SUNTRUST BANKS, INC (GA)",1
Clifton-Berea,Synchrony Bank (UT),2
Clifton-Berea,TEXAS CAPITAL BANK (TX),1
Clifton-Berea,US BANK NA (WI),1
Clifton-Berea,"WELLS FARGO BANK, N.A. (CA)",2
Clifton-Berea,WEX BANK (UT),1
Cross-Country/Cheswolde,ALLY BANK (UT),1
Cross-Country/Cheswolde,"American Express, FSB (UT)",3
Cross-Country/Cheswolde,"Bank of America, N.A. (CA)",3
Cross-Country/Cheswolde,Barrington Bank and Trust (IL),3
Cross-Country/Cheswolde,"CITIBANK, N.A. (NY)",3
Cross-Country/Cheswolde,"Capital One Bank (USA), N.A. (VA)",3
Cross-Country/Cheswolde,"Chase Bank USA, NA (DE)",3
Cross-Country/Cheswolde,Lake Forest Bank and Trust (IL),1
Cross-Country/Cheswolde,M&T BANK (NY),3
Cross-Country/Cheswolde,PNC BANK N.A. (PA),3
Cross-Country/Cheswolde,"SUNTRUST BANKS, INC (GA)",3
Cross-Country/Cheswolde,Signature Bank (NY),1
Cross-Country/Cheswolde,St Charles Bank and Trust (IL),1
Cross-Country/Cheswolde,Synchrony Bank (UT),1
Cross-Country/Cheswolde,UNITED BANK INC (WV),1
Cross-Country/Cheswolde,US BANK NA (WI),3
Cross-Country/Cheswolde,"WELLS FARGO BANK, N.A. (CA)",3
Dickeyville/Franklintown,"American Express, FSB (UT)",1
Dickeyville/Franklintown,"Bank of America, N.A. (CA)",1
Dickeyville/Franklintown,"CITIBANK, N.A. (NY)",1
Dickeyville/Franklintown,"Capital One Bank (USA), N.A. (VA)",1
Dickeyville/Franklintown,EAGLEBANK (MD),1
Dickeyville/Franklintown,PNC BANK N.A. (PA),1
Dickeyville/Franklintown,"WELLS FARGO BANK, N.A. (CA)",1
Dickeyville/Franklintown,WEX BANK (UT),1
Dorchester/Ashburton,"American Express, FSB (UT)",2
Dorchester/Ashburton,"Bank of America, N.A. (CA)",2
Dorchester/Ashburton,Barrington Bank and Trust (IL),2
Dorchester/Ashburton,"CITIBANK, N.A. (NY)",2
Dorchester/Ashburton,"Capital One Bank (USA), N.A. (VA)",2
Dorchester/Ashburton,"Capital One, N.A. (VA)",1
Dorchester/Ashburton,"Chase Bank USA, NA (DE)",1
Dorchester/Ashburton,FIRST NATIONAL BANK OF PA (PA),1
Dorchester/Ashburton,MetaBank (IA),1
Dorchester/Ashburton,PNC BANK N.A. (PA),2
Dorchester/Ashburton,"SUNTRUST BANKS, INC (GA)",1
Dorchester/Ashburton,Synchrony Bank (UT),2
Dorchester/Ashburton,TEXAS CAPITAL BANK (TX),1
Dorchester/Ashburton,US BANK NA (WI),1
Dorchester/Ashburton,"WELLS FARGO BANK, N.A. (CA)",2
Dorchester/Ashburton,WEX BANK (UT),1
Downtown/Seton Hill,1ST MARINER BANK (MD),1
Downtown/Seton Hill,ACCESS NATIONAL BANK (VA),1
Downtown/Seton Hill,ALLY BANK (UT),1
Downtown/Seton Hill,AMERIS BANK (GA),1
Downtown/Seton Hill,"American Express, FSB (UT)",3
Downtown/Seton Hill,"Bank of America, N.A. (CA)",3
Downtown/Seton Hill,Barrington Bank and Trust (IL),2
Downtown/Seton Hill,Bofi Federal Bank (CA),1
Downtown/Seton Hill,"CITIBANK, N.A. (NY)",3
Downtown/Seton Hill,"Capital One Bank (USA), N.A. (VA)",3
Downtown/Seton Hill,"Capital One, N.A. (VA)",1
Downtown/Seton Hill,"Chase Bank USA, NA (DE)",3
Downtown/Seton Hill,"Citizens Bank, NA (RI)",1
Downtown/Seton Hill,Customers Bank (PA),1
Downtown/Seton Hill,FIRST NATIONAL BANK OF PA (PA),1
Downtown/Seton Hill,FIRST REPUBLIC BANK (CA),1
Downtown/Seton Hill,"Fulton Bank, N.A. (PA)",1
Downtown/Seton Hill,HANMI BANK (CA),1
Downtown/Seton Hill,HOWARD BANK (MD),1
Downtown/Seton Hill,JPMorgan Chase Bank NA (OH),2
Downtown/Seton Hill,Lake Forest Bank and Trust (IL),2
Downtown/Seton Hill,M&T BANK (NY),1
Downtown/Seton Hill,MetaBank (IA),2
Downtown/Seton Hill,Old Plank Trail Community Bank (IL),1
Downtown/Seton Hill,PNC BANK N.A. (PA),3
Downtown/Seton Hill,STEARNS BANK N A (MN),1
Downtown/Seton Hill,STIFFEL BANK & TRUST (MO),1
Downtown/Seton Hill,"SUNTRUST BANKS, INC (GA)",3
Downtown/Seton Hill,Sandy Spring Bank (MD),1
Downtown/Seton Hill,Silicon Valley Bank (CA),1
Downtown/Seton Hill,Synchrony Bank (UT),3
Downtown/Seton Hill,TCF National Bank (SD),1
Downtown/Seton Hill,TEXAS CAPITAL BANK (TX),2
Downtown/Seton Hill,TriState Capital Bank (PA),1
Downtown/Seton Hill,US BANK NA (WI),3
Downtown/Seton Hill,WASHINGTONFIRST BANK (VA),1
Downtown/Seton Hill,"WELLS FARGO BANK, N.A. (CA)",2
Downtown/Seton Hill,WEX BANK (UT),1
Edmondson Village,"American Express, FSB (UT)",2
Edmondson Village,"Bank of America, N.A. (CA)",1
Edmondson Village,Barrington Bank and Trust (IL),1
Edmondson Village,"CITIBANK, N.A. (NY)",2
Edmondson Village,"Capital One Bank (USA), N.A. (VA)",3
Edmondson Village,"Chase Bank USA, NA (DE)",1
Edmondson Village,MetaBank (IA),1
Edmondson Village,PNC BANK N.A. (PA),1
Edmondson Village,"SUNTRUST BANKS, INC (GA)",2
Edmondson Village,Synchrony Bank (UT),1
Edmondson Village,"WELLS FARGO BANK, N.A. (CA)",3
Fells Point,1ST MARINER BANK (MD),1
Fells Point,"American Express, FSB (UT)",4
Fells Point,"Bank of America, N.A. (CA)",4
Fells Point,Barrington Bank and Trust (IL),3
Fells Point,"CITIBANK, N.A. (NY)",4
Fells Point,"Capital One Bank (USA), N.A. (VA)",4
Fells Point,"Chase Bank USA, NA (DE)",4
Fells Point,"Citizens Bank, NA (RI)",1
Fells Point,EAGLEBANK (MD),1
Fells Point,HOWARD BANK (MD),1
Fells Point,JPMorgan Chase Bank NA (OH),1
Fells Point,M&T BANK (NY),2
Fells Point,PNC BANK N.A. (PA),4
Fells Point,Sandy Spring Bank (MD),1
Fells Point,Synchrony Bank (UT),3
Fells Point,TD Bank N.A. (DE),1
Fells Point,US BANK NA (WI),4
Fells Point,"WELLS FARGO BANK, N.A. (CA)",3
Fells Point,WEX BANK (UT),2
Forest Park/Walbrook,AMERIS BANK (GA),2
Forest Park/Walbrook,"American Express, FSB (UT)",3
Forest Park/Walbrook,"Bank of America, N.A. (CA)",3
Forest Park/Walbrook,Bank of the West (CA),1
Forest Park/Walbrook,Barrington Bank and Trust (IL),1
Forest Park/Walbrook,"CITIBANK, N.A. (NY)",3
Forest Park/Walbrook,"Capital One Bank (USA), N.A. (VA)",3
Forest Park/Walbrook,"Chase Bank USA, NA (DE)",3
Forest Park/Walbrook,Lake Forest Bank and Trust (IL),1
Forest Park/Walbrook,"SUNTRUST BANKS, INC (GA)",1
Forest Park/Walbrook,Sandy Spring Bank (MD),1
Forest Park/Walbrook,Synchrony Bank (UT),2
Forest Park/Walbrook,TEXAS CAPITAL BANK (TX),1
Forest Park/Walbrook,US BANK NA (WI),2
Forest Park/Walbrook,"WELLS FARGO BANK, N.A. (CA)",1
Glen-Fallstaff,1ST MARINER BANK (MD),1
Glen-Fallstaff,ALLY BANK (UT),2
Glen-Fallstaff,"American Express, FSB (UT)",4
Glen-Fallstaff,"BMO Harris Bank, N.A. (IL)",1
Glen-Fallstaff,"Bank of America, N.A. (CA)",4
Glen-Fallstaff,Barrington Bank and Trust (IL),2
Glen-Fallstaff,"CITIBANK, N.A. (NY)",4
Glen-Fallstaff,"Capital One Bank (USA), N.A. (VA)",4
Glen-Fallstaff,"Chase Bank USA, NA (DE)",4
Glen-Fallstaff,"Citizens Bank, NA (RI)",1
Glen-Fallstaff,Lake Forest Bank and Trust (IL),2
Glen-Fallstaff,M&T BANK (NY),2
Glen-Fallstaff,MetaBank (IA),2
Glen-Fallstaff,Old Plank Trail Community Bank (IL),2
Glen-Fallstaff,PNC BANK N.A. (PA),3
Glen-Fallstaff,STEARNS BANK N A (MN),1
Glen-Fallstaff,"SUNTRUST BANKS, INC (GA)",4
Glen-Fallstaff,Sandy Spring Bank (MD),3
Glen-Fallstaff,Synchrony Bank (UT),1
Glen-Fallstaff,TEXAS CAPITAL BANK (TX),3
Glen-Fallstaff,US BANK NA (WI),3
Glen-Fallstaff,"WELLS FARGO BANK, N.A. (CA)",4
Glen-Fallstaff,Wintrust Bank (IL),1
Greater Charles Village/Barclay,1ST MARINER BANK (MD),1
Greater Charles Village/Barclay,AMERIS BANK (GA),1
Greater Charles Village/Barclay,"American Express, FSB (UT)",5
Greater Charles Village/Barclay,BANK OF HOPE (CA),1
Greater Charles Village/Barclay,"Bank of America, N.A. (CA)",5
Greater Charles Village/Barclay,Barrington Bank and Trust (IL),4
Greater Charles Village/Barclay,Bofi Federal Bank (CA),1
Greater Charles Village/Barclay,"CITIBANK, N.A. (NY)",5
Greater Charles Village/Barclay,"Capital One Bank (USA), N.A. (VA)",5
Greater Charles Village/Barclay,"Capital One, N.A. (VA)",1
Greater Charles Village/Barclay,"Chase Bank USA, NA (DE)",4
Greater Charles Village/Barclay,"Citizens Bank, NA (RI)",1
Greater Charles Village/Barclay,FIRST NATIONAL BANK OF PA (PA),1
Greater Charles Village/Barclay,HOWARD BANK (MD),2
Greater Charles Village/Barclay,Lake Forest Bank and Trust (IL),1
Greater Charles Village/Barclay,M&T BANK (NY),3
Greater Charles Village/Barclay,PNC BANK N.A. (PA),5
Greater Charles Village/Barclay,"SUNTRUST BANKS, INC (GA)",4
Greater Charles Village/Barclay,Synchrony Bank (UT),4
Greater Charles Village/Barclay,TEXAS CAPITAL BANK (TX),3
Greater Charles Village/Barclay,US BANK NA (WI),3
Greater Charles Village/Barclay,WASHINGTONFIRST BANK (VA),1
Greater Charles Village/Barclay,"WELLS FARGO BANK, N.A. (CA)",4
Greater Charles Village/Barclay,WSFS Bank (DE),1
Greater Govans,"American Express, FSB (UT)",1
Greater Govans,"Bank of America, N.A. (CA)",2
Greater Govans,Barrington Bank and Trust (IL),2
Greater Govans,"CITIBANK, N.A. (NY)",3
Greater Govans,"Capital One Bank (USA), N.A. (VA)",2
Greater Govans,"Chase Bank USA, NA (DE)",1
Greater Govans,M&T BANK (NY),1
Greater Govans,PNC BANK N.A. (PA),1
Greater Govans,Synchrony Bank (UT),1
Greater Govans,TEXAS CAPITAL BANK (TX),2
Greater Govans,US BANK NA (WI),1
Greater Govans,"WELLS FARGO BANK, N.A. (CA)",2
Greater Govans,WEX BANK (UT),1
Greater Mondawmin,ALLY BANK (UT),2
Greater Mondawmin,AMERIS BANK (GA),1
Greater Mondawmin,"American Express, FSB (UT)",4
Greater Mondawmin,"BMO Harris Bank, N.A. (IL)",1
Greater Mondawmin,"Bank of America, N.A. (CA)",3
Greater Mondawmin,Barrington Bank and Trust (IL),2
Greater Mondawmin,"CITIBANK, N.A. (NY)",3
Greater Mondawmin,"Capital One Bank (USA), N.A. (VA)",4
Greater Mondawmin,"Chase Bank USA, NA (DE)",2
Greater Mondawmin,JPMorgan Chase Bank NA (OH),1
Greater Mondawmin,M&T BANK (NY),1
Greater Mondawmin,MetaBank (IA),1
Greater Mondawmin,PNC BANK N.A. (PA),2
Greater Mondawmin,"SUNTRUST BANKS, INC (GA)",1
Greater Mondawmin,Synchrony Bank (UT),2
Greater Mondawmin,UNITED BANK INC (WV),1
Greater Mondawmin,US BANK NA (WI),2
Greater Mondawmin,"WELLS FARGO BANK, N.A. (CA)",3
Greater Mondawmin,WEX BANK (UT),1
Greater Roland Park/Poplar Hill,ALLY BANK (UT),1
Greater Roland Park/Poplar Hill,American Express Centurion Bk (UT),1
Greater Roland Park/Poplar Hill,"American Express, FSB (UT)",3
Greater Roland Park/Poplar Hill,"Bank of America, N.A. (CA)",3
Greater Roland Park/Poplar Hill,Barrington Bank and Trust (IL),2
Greater Roland Park/Poplar Hill,"CITIBANK, N.A. (NY)",3
Greater Roland Park/Poplar Hill,"Capital One Bank (USA), N.A. (VA)",3
Greater Roland Park/Poplar Hill,"Chase Bank USA, NA (DE)",3
Greater Roland Park/Poplar Hill,FIRST NATIONAL BANK OF PA (PA),1
Greater Roland Park/Poplar Hill,HOWARD BANK (MD),2
Greater Roland Park/Poplar Hill,JPMorgan Chase Bank NA (OH),1
Greater Roland Park/Poplar Hill,M&T BANK (NY),3
Greater Roland Park/Poplar Hill,PNC BANK N.A. (PA),3
Greater Roland Park/Poplar Hill,Synchrony Bank (UT),3
Greater Roland Park/Poplar Hill,TCF National Bank (SD),1
Greater Roland Park/Poplar Hill,US BANK NA (WI),2
Greater Roland Park/Poplar Hill,"WELLS FARGO BANK, N.A. (CA)",3
Greater Rosemont,1ST MARINER BANK (MD),1
Greater Rosemont,ALLY BANK (UT),1
Greater Rosemont,"American Express, FSB (UT)",4
Greater Rosemont,"BMO Harris Bank, N.A. (IL)",1
Greater Rosemont,"Bank of America, N.A. (CA)",4
Greater Rosemont,Barrington Bank and Trust (IL),3
Greater Rosemont,"CITIBANK, N.A. (NY)",5
Greater Rosemont,"Capital One Bank (USA), N.A. (VA)",5
Greater Rosemont,"Chase Bank USA, NA (DE)",2
Greater Rosemont,M&T BANK (NY),2
Greater Rosemont,PNC BANK N.A. (PA),2
Greater Rosemont,STATE BANK & TRUST (GA),1
Greater Rosemont,Synchrony Bank (UT),2
Greater Rosemont,TCF National Bank (SD),1
Greater Rosemont,TEXAS CAPITAL BANK (TX),1
Greater Rosemont,US BANK NA (WI),4
Greater Rosemont,"WELLS FARGO BANK, N.A. (CA)",3
Greenmount East,ALLY BANK (UT),1
Greenmount East,"American Express, FSB (UT)",4
Greenmount East,"Bank of America, N.A. (CA)",4
Greenmount East,Barrington Bank and Trust (IL),1
Greenmount East,"CITIBANK, N.A. (NY)",3
Greenmount East,"Capital One Bank (USA), N.A. (VA)",4
Greenmount East,M&T BANK (NY),1
Greenmount East,TEXAS CAPITAL BANK (TX),1
Greenmount East,US BANK NA (WI),1
Greenmount East,"WELLS FARGO BANK, N.A. (CA)",1
Hamilton,1ST MARINER BANK (MD),1
Hamilton,ALLY BANK (UT),2
Hamilton,AMERIS BANK (GA),1
Hamilton,"American Express, FSB (UT)",3
Hamilton,"BMO Harris Bank, N.A. (IL)",1
Hamilton,"Bank of America, N.A. (CA)",3
Hamilton,Barrington Bank and Trust (IL),2
Hamilton,"CITIBANK, N.A. (NY)",3
Hamilton,"Capital One Bank (USA), N.A. (VA)",3
Hamilton,"Chase Bank USA, NA (DE)",2
Hamilton,First Bank Financial Centre (WI),1
Hamilton,"John Deere Financial, f.s.b. (WI)",1
Hamilton,Lake Forest Bank and Trust (IL),1
Hamilton,M&T BANK (NY),1
Hamilton,PNC BANK N.A. (PA),3
Hamilton,Pinnacle Bank (TN),1
Hamilton,"SUNTRUST BANKS, INC (GA)",1
Hamilton,St Charles Bank and Trust (IL),1
Hamilton,Synchrony Bank (UT),3
Hamilton,TD Bank N.A. (DE),1
Hamilton,TEXAS CAPITAL BANK (TX),2
Hamilton,The Columbia Bank (MD),1
Hamilton,US BANK NA (WI),3
Hamilton,"WELLS FARGO BANK, N.A. (CA)",3
Hamilton,WEX BANK (UT),2
Harbor East/Little Italy,1ST MARINER BANK (MD),1
Harbor East/Little Italy,"American Express, FSB (UT)",2
Harbor East/Little Italy,"Bank of America, N.A. (CA)",2
Harbor East/Little Italy,Barrington Bank and Trust (IL),2
Harbor East/Little Italy,Bofi Federal Bank (CA),1
Harbor East/Little Italy,"CITIBANK, N.A. (NY)",2
Harbor East/Little Italy,"Capital One Bank (USA), N.A. (VA)",2
Harbor East/Little Italy,"Chase Bank USA, NA (DE)",2
Harbor East/Little Italy,JPMorgan Chase Bank NA (OH),1
Harbor East/Little Italy,M&T BANK (NY),2
Harbor East/Little Italy,MetaBank (IA),1
Harbor East/Little Italy,PNC BANK N.A. (PA),2
Harbor East/Little Italy,"SUNTRUST BANKS, INC (GA)",2
Harbor East/Little Italy,Silicon Valley Bank (CA),2
Harbor East/Little Italy,Synchrony Bank (UT),2
Harbor East/Little Italy,TEXAS CAPITAL BANK (TX),1
Harbor East/Little Italy,UNIBANK (MA),1
Harbor East/Little Italy,US BANK NA (WI),1
Harbor East/Little Italy,"WELLS FARGO BANK, N.A. (CA)",2
Harbor East/Little Italy,WEX BANK (UT),1
Harford/Echodale,ALLY BANK (UT),2
Harford/Echodale,AMERIS BANK (GA),1
Harford/Echodale,"American Express, FSB (UT)",5
Harford/Echodale,"BMO Harris Bank, N.A. (IL)",1
Harford/Echodale,"Bank of America, N.A. (CA)",5
Harford/Echodale,Barrington Bank and Trust (IL),3
Harford/Echodale,Bofi Federal Bank (CA),1
Harford/Echodale,"CITIBANK, N.A. (NY)",5
Harford/Echodale,"Capital One Bank (USA), N.A. (VA)",4
Harford/Echodale,"Capital One, N.A. (VA)",1
Harford/Echodale,"Chase Bank USA, NA (DE)",2
Harford/Echodale,FIRST NATIONAL BANK OF PA (PA),1
Harford/Echodale,M&T BANK (NY),1
Harford/Echodale,MetaBank (IA),1
Harford/Echodale,PNC BANK N.A. (PA),3
Harford/Echodale,"SUNTRUST BANKS, INC (GA)",3
Harford/Echodale,Synchrony Bank (UT),4
Harford/Echodale,TD Bank N.A. (DE),1
Harford/Echodale,TEXAS CAPITAL BANK (TX),1
Harford/Echodale,The Columbia Bank (MD),1
Harford/Echodale,US BANK NA (WI),4
Harford/Echodale,"WELLS FARGO BANK, N.A. (CA)",3
Harford/Echodale,WEX BANK (UT),1
Highlandtown,1ST MARINER BANK (MD),2
Highlandtown,ALLY BANK (UT),2
Highlandtown,AMERIS BANK (GA),1
Highlandtown,"American Express, FSB (UT)",3
Highlandtown,"Bank of America, N.A. (CA)",3
Highlandtown,Barrington Bank and Trust (IL),3
Highlandtown,"CITIBANK, N.A. (NY)",3
Highlandtown,"Capital One Bank (USA), N.A. (VA)",3
Highlandtown,"Chase Bank USA, NA (DE)",3
Highlandtown,"Citizens Bank, NA (RI)",1
Highlandtown,M&T BANK (NY),2
Highlandtown,PNC BANK N.A. (PA),3
Highlandtown,"SUNTRUST BANKS, INC (GA)",1
Highlandtown,Sandy Spring Bank (MD),1
Highlandtown,Synchrony Bank (UT),2
Highlandtown,TD Bank N.A. (DE),1
Highlandtown,TEXAS CAPITAL BANK (TX),1
Highlandtown,US BANK NA (WI),3
Highlandtown,"WELLS FARGO BANK, N.A. (CA)",3
Highlandtown,WEX BANK (UT),2
Howard Park/West Arlington,ALLY BANK (UT),1
Howard Park/West Arlington,AMERIS BANK (GA),1
Howard Park/West Arlington,"American Express, FSB (UT)",2
Howard Park/West Arlington,"Bank of America, N.A. (CA)",1
Howard Park/West Arlington,Barrington Bank and Trust (IL),2
Howard Park/West Arlington,"CITIBANK, N.A. (NY)",2
Howard Park/West Arlington,"Capital One Bank (USA), N.A. (VA)",2
Howard Park/West Arlington,"Chase Bank USA, NA (DE)",1
Howard Park/West Arlington,Old Line Bank (MD),1
Howard Park/West Arlington,PNC BANK N.A. (PA),2
Howard Park/West Arlington,STEARNS BANK N A (MN),1
Howard Park/West Arlington,"SUNTRUST BANKS, INC (GA)",1
Howard Park/West Arlington,Synchrony Bank (UT),2
Howard Park/West Arlington,US BANK NA (WI),2
Howard Park/West Arlington,"WELLS FARGO BANK, N.A. (CA)",2
Inner Harbor/Federal Hill,ALLY BANK (UT),2
Inner Harbor/Federal Hill,AMERIS BANK (GA),1
Inner Harbor/Federal Hill,"American Express, FSB (UT)",5
Inner Harbor/Federal Hill,BANGOR SAVING BANK (ME),1
Inner Harbor/Federal Hill,"Bank of America, N.A. (CA)",5
Inner Harbor/Federal Hill,Bank of the West (CA),1
Inner Harbor/Federal Hill,Barrington Bank and Trust (IL),5
Inner Harbor/Federal Hill,Bofi Federal Bank (CA),1
Inner Harbor/Federal Hill,"CITIBANK, N.A. (NY)",5
Inner Harbor/Federal Hill,"Capital One Bank (USA), N.A. (VA)",5
Inner Harbor/Federal Hill,"Capital One, N.A. (VA)",2
Inner Harbor/Federal Hill,"Chase Bank USA, NA (DE)",5
Inner Harbor/Federal Hill,"Citizens Bank, NA (RI)",1
Inner Harbor/Federal Hill,HOWARD BANK (MD),1
Inner Harbor/Federal Hill,JPMorgan Chase Bank NA (OH),1
Inner Harbor/Federal Hill,Lake Forest Bank and Trust (IL),1
Inner Harbor/Federal Hill,M&T BANK (NY),5
Inner Harbor/Federal Hill,Northbrook Bank & Trust Co (IL),1
Inner Harbor/Federal Hill,Old Line Bank (MD),2
Inner Harbor/Federal Hill,PNC BANK N.A. (PA),5
Inner Harbor/Federal Hill,PREFERRED BANK (CA),1
Inner Harbor/Federal Hill,SAVINGS INSTITUTE BANK & TRUST (CT),1
Inner Harbor/Federal Hill,STIFFEL BANK & TRUST (MO),1
Inner Harbor/Federal Hill,"SUNTRUST BANKS, INC (GA)",4
Inner Harbor/Federal Hill,Sandy Spring Bank (MD),4
Inner Harbor/Federal Hill,Silicon Valley Bank (CA),1
Inner Harbor/Federal Hill,State Farm Bank (IL),1
Inner Harbor/Federal Hill,Synchrony Bank (UT),4
Inner Harbor/Federal Hill,TEXAS CAPITAL BANK (TX),1
Inner Harbor/Federal Hill,THE BANK OF GLEN BURNIE (MD),1
Inner Harbor/Federal Hill,The Columbia Bank (MD),1
Inner Harbor/Federal Hill,US BANK NA (WI),5
Inner Harbor/Federal Hill,"WELLS FARGO BANK, N.A. (CA)",5
Inner Harbor/Federal Hill,WEX BANK (UT),1
Lauraville,1ST MARINER BANK (MD),1
Lauraville,ALLY BANK (UT),1
Lauraville,"American Express, FSB (UT)",5
Lauraville,"Bank of America, N.A. (CA)",5
Lauraville,Barrington Bank and Trust (IL),2
Lauraville,"CITIBANK, N.A. (NY)",5
Lauraville,"Capital One Bank (USA), N.A. (VA)",4
Lauraville,"Chase Bank USA, NA (DE)",2
Lauraville,"Citizens Bank, NA (RI)",1
Lauraville,Lake Forest Bank and Trust (IL),1
Lauraville,M&T BANK (NY),3
Lauraville,MetaBank (IA),4
Lauraville,PNC BANK N.A. (PA),3
Lauraville,"SUNTRUST BANKS, INC (GA)",2
Lauraville,Synchrony Bank (UT),2
Lauraville,TEXAS CAPITAL BANK (TX),1
Lauraville,US BANK NA (WI),2
Lauraville,"WELLS FARGO BANK, N.A. (CA)",5
Lauraville,WEX BANK (UT),1
Lauraville,XENITH BANK (VA),1
Loch Raven,1ST MARINER BANK (MD),1
Loch Raven,"American Express, FSB (UT)",3
Loch Raven,"Bank of America, N.A. (CA)",3
Loch Raven,Barrington Bank and Trust (IL),1
Loch Raven,"CITIBANK, N.A. (NY)",3
Loch Raven,"Capital One Bank (USA), N.A. (VA)",3
Loch Raven,"Chase Bank USA, NA (DE)",3
Loch Raven,FIRST NATIONAL BANK OF PA (PA),1
Loch Raven,JPMorgan Chase Bank NA (OH),2
Loch Raven,"SUNTRUST BANKS, INC (GA)",2
Loch Raven,Synchrony Bank (UT),1
Loch Raven,"WELLS FARGO BANK, N.A. (CA)",2
Loch Raven,WEX BANK (UT),1
Madison/East End,"American Express, FSB (UT)",3
Madison/East End,"Bank of America, N.A. (CA)",3
Madison/East End,Barrington Bank and Trust (IL),1
Madison/East End,"CITIBANK, N.A. (NY)",1
Madison/East End,"Capital One Bank (USA), N.A. (VA)",2
Madison/East End,"Chase Bank USA, NA (DE)",1
Madison/East End,M&T BANK (NY),1
Madison/East End,MetaBank (IA),1
Madison/East End,PNC BANK N.A. (PA),2
Madison/East End,Synchrony Bank (UT),2
Madison/East End,US BANK NA (WI),2
Madison/East End,"WELLS FARGO BANK, N.A. (CA)",3
Medfield/Hampden/Woodberry/Remington,ALLY BANK (UT),4
Medfield/Hampden/Woodberry/Remington,"American Express, FSB (UT)",6
Medfield/Hampden/Woodberry/Remington,"Bank of America, N.A. (CA)",6
Medfield/Hampden/Woodberry/Remington,Barrington Bank and Trust (IL),5
Medfield/Hampden/Woodberry/Remington,Bofi Federal Bank (CA),3
Medfield/Hampden/Woodberry/Remington,"CITIBANK, N.A. (NY)",5
Medfield/Hampden/Woodberry/Remington,"Capital One Bank (USA), N.A. (VA)",6
Medfield/Hampden/Woodberry/Remington,"Capital One, N.A. (VA)",2
Medfield/Hampden/Woodberry/Remington,"Chase Bank USA, NA (DE)",6
Medfield/Hampden/Woodberry/Remington,"Citizens Bank, NA (RI)",3
Medfield/Hampden/Woodberry/Remington,EAGLEBANK (MD),1
Medfield/Hampden/Woodberry/Remington,FIRST NATIONAL BANK OF PA (PA),2
Medfield/Hampden/Woodberry/Remington,HOWARD BANK (MD),2
Medfield/Hampden/Woodberry/Remington,JPMorgan Chase Bank NA (OH),1
Medfield/Hampden/Woodberry/Remington,"John Deere Financial, f.s.b. (WI)",1
Medfield/Hampden/Woodberry/Remington,M&T BANK (NY),5
Medfield/Hampden/Woodberry/Remington,Mutual of Omaha Bank (NE),1
Medfield/Hampden/Woodberry/Remington,Northwest Bank (PA),1
Medfield/Hampden/Woodberry/Remington,PNC BANK N.A. (PA),6
Medfield/Hampden/Woodberry/Remington,"SUNTRUST BANKS, INC (GA)",5
Medfield/Hampden/Woodberry/Remington,Synchrony Bank (UT),5
Medfield/Hampden/Woodberry/Remington,TEXAS CAPITAL BANK (TX),3
Medfield/Hampden/Woodberry/Remington,The Columbia Bank (MD),3
Medfield/Hampden/Woodberry/Remington,US BANK NA (WI),5
Medfield/Hampden/Woodberry/Remington,"WELLS FARGO BANK, N.A. (CA)",5
Medfield/Hampden/Woodberry/Remington,WEX BANK (UT),4
Midtown,1ST MARINER BANK (MD),1
Midtown,ALLY BANK (UT),2
Midtown,AMERIS BANK (GA),2
Midtown,"American Express, FSB (UT)",4
Midtown,"Bank of America, N.A. (CA)",4
Midtown,Banner Bank (WA),1
Midtown,Barrington Bank and Trust (IL),4
Midtown,"CITIBANK, N.A. (NY)",4
Midtown,"Capital One Bank (USA), N.A. (VA)",4
Midtown,"Capital One, N.A. (VA)",1
Midtown,"Chase Bank USA, NA (DE)",4
Midtown,"Citizens Bank, NA (RI)",2
Midtown,EAGLEBANK (MD),1
Midtown,FIRST NATIONAL BANK OF PA (PA),1
Midtown,First Citzens Bank & Trust Co (NC),1
Midtown,HOWARD BANK (MD),1
Midtown,JPMorgan Chase Bank NA (OH),1
Midtown,Lake Forest Bank and Trust (IL),1
Midtown,Libertyville Bank and Trust Co (IL),1
Midtown,M&T BANK (NY),4
Midtown,MetaBank (IA),1
Midtown,PLAINSCAPITAL BANK (TX),1
Midtown,PNC BANK N.A. (PA),4
Midtown,"Raymond James Bank, N.A. (FL)",1
Midtown,"SUNTRUST BANKS, INC (GA)",3
Midtown,Sandy Spring Bank (MD),2
Midtown,Silicon Valley Bank (CA),1
Midtown,Synchrony Bank (UT),4
Midtown,TEXAS CAPITAL BANK (TX),3
Midtown,THE BANKCORP BANK (DE),1
Midtown,The Columbia Bank (MD),1
Midtown,UNITED BANK VA (VA),1
Midtown,US BANK NA (WI),3
Midtown,"WELLS FARGO BANK, N.A. (CA)",4
Midtown,Wintrust Bank (IL),1
Midway/Coldstream,ALLY BANK (UT),1
Midway/Coldstream,"American Express, FSB (UT)",3
Midway/Coldstream,"BMO Harris Bank, N.A. (IL)",1
Midway/Coldstream,"Bank of America, N.A. (CA)",3
Midway/Coldstream,Barrington Bank and Trust (IL),2
Midway/Coldstream,"CITIBANK, N.A. (NY)",3
Midway/Coldstream,"Capital One Bank (USA), N.A. (VA)",2
Midway/Coldstream,"Capital One, N.A. (VA)",1
Midway/Coldstream,"Chase Bank USA, NA (DE)",1
Midway/Coldstream,FIRST NATIONAL BANK OF PA (PA),1
Midway/Coldstream,Hinsdale Bank & Trut Company (IL),1
Midway/Coldstream,JPMorgan Chase Bank NA (OH),1
Midway/Coldstream,Lake Forest Bank and Trust (IL),1
Midway/Coldstream,M&T BANK (NY),2
Midway/Coldstream,PNC BANK N.A. (PA),2
Midway/Coldstream,"SUNTRUST BANKS, INC (GA)",1
Midway/Coldstream,St Charles Bank and Trust (IL),1
Midway/Coldstream,Synchrony Bank (UT),2
Midway/Coldstream,The Columbia Bank (MD),1
Midway/Coldstream,US BANK NA (WI),1
Midway/Coldstream,"WELLS FARGO BANK, N.A. (CA)",2
Morrell Park/Violetville,1ST MARINER BANK (MD),1
Morrell Park/Violetville,ALLY BANK (UT),2
Morrell Park/Violetville,"American Express, FSB (UT)",3
Morrell Park/Violetville,"BMO Harris Bank, N.A. (IL)",1
Morrell Park/Violetville,"Bank of America, N.A. (CA)",3
Morrell Park/Violetville,Barrington Bank and Trust (IL),3
Morrell Park/Violetville,"CITIBANK, N.A. (NY)",2
Morrell Park/Violetville,"Capital One Bank (USA), N.A. (VA)",3
Morrell Park/Violetville,"Capital One, N.A. (VA)",1
Morrell Park/Violetville,"Chase Bank USA, NA (DE)",3
Morrell Park/Violetville,"Citizens Bank, NA (RI)",1
Morrell Park/Violetville,HOWARD BANK (MD),1
Morrell Park/Violetville,JPMorgan Chase Bank NA (OH),1
Morrell Park/Violetville,"John Deere Financial, f.s.b. (WI)",1
Morrell Park/Violetville,M&T BANK (NY),2
Morrell Park/Violetville,MetaBank (IA),1
Morrell Park/Violetville,PNC BANK N.A. (PA),3
Morrell Park/Violetville,"SUNTRUST BANKS, INC (GA)",2
Morrell Park/Violetville,Sandy Spring Bank (MD),2
Morrell Park/Violetville,Synchrony Bank (UT),2
Morrell Park/Violetville,US BANK NA (WI),1
Morrell Park/Violetville,"WELLS FARGO BANK, N.A. (CA)",3
Morrell Park/Violetville,WEX BANK (UT),2
Mount Washington/Coldspring,"American Express, FSB (UT)",2
Mount Washington/Coldspring,"Bank of America, N.A. (CA)",1
Mount Washington/Coldspring,Barrington Bank and Trust (IL),1
Mount Washington/Coldspring,"CITIBANK, N.A. (NY)",2
Mount Washington/Coldspring,"Capital One Bank (USA), N.A. (VA)",1
Mount Washington/Coldspring,"Chase Bank USA, NA (DE)",2
Mount Washington/Coldspring,"Citizens Bank, NA (RI)",1
Mount Washington/Coldspring,EVERBANK (FL),1
Mount Washington/Coldspring,FIRST NATIONAL BANK OF PA (PA),1
Mount Washington/Coldspring,HOWARD BANK (MD),1
Mount Washington/Coldspring,JPMorgan Chase Bank NA (OH),1
Mount Washington/Coldspring,M&T BANK (NY),1
Mount Washington/Coldspring,MetaBank (IA),1
Mount Washington/Coldspring,PNC BANK N.A. (PA),1
Mount Washington/Coldspring,"SUNTRUST BANKS, INC (GA)",1
Mount Washington/Coldspring,Synchrony Bank (UT),1
Mount Washington/Coldspring,TEXAS CAPITAL BANK (TX),1
Mount Washington/Coldspring,The Columbia Bank (MD),1
Mount Washington/Coldspring,US BANK NA (WI),1
Mount Washington/Coldspring,"WELLS FARGO BANK, N.A. (CA)",1
North Baltimore/Guilford/Homeland,ALLY BANK (UT),1
North Baltimore/Guilford/Homeland,"American Express, FSB (UT)",4
North Baltimore/Guilford/Homeland,"Bank of America, N.A. (CA)",4
North Baltimore/Guilford/Homeland,Barrington Bank and Trust (IL),2
North Baltimore/Guilford/Homeland,"CITIBANK, N.A. (NY)",4
North Baltimore/Guilford/Homeland,"Capital One Bank (USA), N.A. (VA)",4
North Baltimore/Guilford/Homeland,"Capital One, N.A. (VA)",1
North Baltimore/Guilford/Homeland,"Chase Bank USA, NA (DE)",3
North Baltimore/Guilford/Homeland,M&T BANK (NY),1
North Baltimore/Guilford/Homeland,MetaBank (IA),1
North Baltimore/Guilford/Homeland,PNC BANK N.A. (PA),3
North Baltimore/Guilford/Homeland,Pinnacle Bank (TN),1
North Baltimore/Guilford/Homeland,"SUNTRUST BANKS, INC (GA)",2
North Baltimore/Guilford/Homeland,Synchrony Bank (UT),2
North Baltimore/Guilford/Homeland,TD Bank N.A. (DE),1
North Baltimore/Guilford/Homeland,The Columbia Bank (MD),1
North Baltimore/Guilford/Homeland,US BANK NA (WI),2
North Baltimore/Guilford/Homeland,"WELLS FARGO BANK, N.A. (CA)",3
Northwood,ALLY BANK (UT),1
Northwood,"American Express, FSB (UT)",4
Northwood,"Bank of America, N.A. (CA)",4
Northwood,Barrington Bank and Trust (IL),2
Northwood,"CITIBANK, N.A. (NY)",4
Northwood,"Capital One Bank (USA), N.A. (VA)",4
Northwood,"Chase Bank USA, NA (DE)",2
Northwood,M&T BANK (NY),1
Northwood,PNC BANK N.A. (PA),2
Northwood,Pinnacle Bank (TN),1
Northwood,Synchrony Bank (UT),2
Northwood,US BANK NA (WI),2
Northwood,"WELLS FARGO BANK, N.A. (CA)",2
Oldtown/Middle East,"American Express, FSB (UT)",5
Oldtown/Middle East,"Bank of America, N.A. (CA)",3
Oldtown/Middle East,Barrington Bank and Trust (IL),2
Oldtown/Middle East,"CITIBANK, N.A. (NY)",4
Oldtown/Middle East,"Capital One Bank (USA), N.A. (VA)",3
Oldtown/Middle East,"Chase Bank USA, NA (DE)",4
Oldtown/Middle East,FIRST NATIONAL BANK OF PA (PA),1
Oldtown/Middle East,Lake Forest Bank and Trust (IL),1
Oldtown/Middle East,PNC BANK N.A. (PA),2
Oldtown/Middle East,"SUNTRUST BANKS, INC (GA)",1
Oldtown/Middle East,Sandy Spring Bank (MD),2
Oldtown/Middle East,Synchrony Bank (UT),3
Oldtown/Middle East,TEXAS CAPITAL BANK (TX),1
Oldtown/Middle East,"WELLS FARGO BANK, N.A. (CA)",3
Oldtown/Middle East,WEX BANK (UT),1
Orangeville/East Highlandtown,1ST MARINER BANK (MD),2
Orangeville/East Highlandtown,ALLY BANK (UT),3
Orangeville/East Highlandtown,AMERIS BANK (GA),3
Orangeville/East Highlandtown,"American Express, FSB (UT)",3
Orangeville/East Highlandtown,BURKE & HERBERT BK & TR CO (VA),1
Orangeville/East Highlandtown,"Bank of America, N.A. (CA)",3
Orangeville/East Highlandtown,Barrington Bank and Trust (IL),3
Orangeville/East Highlandtown,"CITIBANK, N.A. (NY)",3
Orangeville/East Highlandtown,"Capital One Bank (USA), N.A. (VA)",3
Orangeville/East Highlandtown,"Chase Bank USA, NA (DE)",3
Orangeville/East Highlandtown,EAGLEBANK (MD),1
Orangeville/East Highlandtown,FIRST NATIONAL BANK OF PA (PA),1
Orangeville/East Highlandtown,HOWARD BANK (MD),1
Orangeville/East Highlandtown,JPMorgan Chase Bank NA (OH),1
Orangeville/East Highlandtown,"John Deere Financial, f.s.b. (WI)",1
Orangeville/East Highlandtown,Lake Forest Bank and Trust (IL),1
Orangeville/East Highlandtown,M&T BANK (NY),3
Orangeville/East Highlandtown,PNC BANK N.A. (PA),3
Orangeville/East Highlandtown,"SUNTRUST BANKS, INC (GA)",3
Orangeville/East Highlandtown,Sandy Spring Bank (MD),1
Orangeville/East Highlandtown,Signature Bank (NY),1
Orangeville/East Highlandtown,State Farm Bank (IL),1
Orangeville/East Highlandtown,Synchrony Bank (UT),1
Orangeville/East Highlandtown,The Columbia Bank (MD),1
Orangeville/East Highlandtown,Town Bank (WI),1
Orangeville/East Highlandtown,US BANK NA (WI),3
Orangeville/East Highlandtown,"WELLS FARGO BANK, N.A. (CA)",3
Orangeville/East Highlandtown,WEX BANK (UT),2
Orangeville/East Highlandtown,XENITH BANK (VA),1
Patterson Park North & East,ALLY BANK (UT),2
Patterson Park North & East,American Express Centurion Bk (UT),1
Patterson Park North & East,"American Express, FSB (UT)",4
Patterson Park North & East,"Bank of America, N.A. (CA)",5
Patterson Park North & East,Barrington Bank and Trust (IL),1
Patterson Park North & East,"CITIBANK, N.A. (NY)",5
Patterson Park North & East,"Capital One Bank (USA), N.A. (VA)",5
Patterson Park North & East,"Chase Bank USA, NA (DE)",5
Patterson Park North & East,"Citizens Bank, NA (RI)",1
Patterson Park North & East,FIRST NATIONAL BANK OF PA (PA),2
Patterson Park North & East,HOWARD BANK (MD),1
Patterson Park North & East,JPMorgan Chase Bank NA (OH),1
Patterson Park North & East,M&T BANK (NY),2
Patterson Park North & East,MetaBank (IA),1
Patterson Park North & East,PNC BANK N.A. (PA),3
Patterson Park North & East,Pinnacle Bank (TN),1
Patterson Park North & East,"SUNTRUST BANKS, INC (GA)",4
Patterson Park North & East,Synchrony Bank (UT),3
Patterson Park North & East,TEXAS CAPITAL BANK (TX),3
Patterson Park North & East,US BANK NA (WI),3
Patterson Park North & East,"WELLS FARGO BANK, N.A. (CA)",4
Penn North/Reservoir Hill,1ST MARINER BANK (MD),1
Penn North/Reservoir Hill,"American Express, FSB (UT)",3
Penn North/Reservoir Hill,"Bank of America, N.A. (CA)",2
Penn North/Reservoir Hill,Barrington Bank and Trust (IL),2
Penn North/Reservoir Hill,"CITIBANK, N.A. (NY)",3
Penn North/Reservoir Hill,"Capital One Bank (USA), N.A. (VA)",3
Penn North/Reservoir Hill,"Capital One, N.A. (VA)",1
Penn North/Reservoir Hill,"Chase Bank USA, NA (DE)",1
Penn North/Reservoir Hill,M&T BANK (NY),1
Penn North/Reservoir Hill,PNC BANK N.A. (PA),3
Penn North/Reservoir Hill,Synchrony Bank (UT),2
Penn North/Reservoir Hill,US BANK NA (WI),1
Penn North/Reservoir Hill,"WELLS FARGO BANK, N.A. (CA)",2
Penn North/Reservoir Hill,WEX BANK (UT),2
Pimlico/Arlington/Hilltop,"American Express, FSB (UT)",2
Pimlico/Arlington/Hilltop,"Bank of America, N.A. (CA)",3
Pimlico/Arlington/Hilltop,Barrington Bank and Trust (IL),2
Pimlico/Arlington/Hilltop,"CITIBANK, N.A. (NY)",3
Pimlico/Arlington/Hilltop,"Capital One Bank (USA), N.A. (VA)",3
Pimlico/Arlington/Hilltop,"Chase Bank USA, NA (DE)",2
Pimlico/Arlington/Hilltop,Hinsdale Bank & Trut Company (IL),1
Pimlico/Arlington/Hilltop,Lake Forest Bank and Trust (IL),1
Pimlico/Arlington/Hilltop,PNC BANK N.A. (PA),3
Pimlico/Arlington/Hilltop,STEARNS BANK N A (MN),1
Pimlico/Arlington/Hilltop,Synchrony Bank (UT),3
Pimlico/Arlington/Hilltop,TEXAS CAPITAL BANK (TX),1
Pimlico/Arlington/Hilltop,US BANK NA (WI),1
Pimlico/Arlington/Hilltop,"WELLS FARGO BANK, N.A. (CA)",3
Poppleton/The Terraces/Hollins Market,"American Express, FSB (UT)",3
Poppleton/The Terraces/Hollins Market,"Bank of America, N.A. (CA)",2
Poppleton/The Terraces/Hollins Market,Barrington Bank and Trust (IL),2
Poppleton/The Terraces/Hollins Market,"CITIBANK, N.A. (NY)",2
Poppleton/The Terraces/Hollins Market,COMERICA BANK (MI),1
Poppleton/The Terraces/Hollins Market,"Capital One Bank (USA), N.A. (VA)",2
Poppleton/The Terraces/Hollins Market,"Chase Bank USA, NA (DE)",2
Poppleton/The Terraces/Hollins Market,M&T BANK (NY),1
Poppleton/The Terraces/Hollins Market,PNC BANK N.A. (PA),1
Poppleton/The Terraces/Hollins Market,Synchrony Bank (UT),2
Poppleton/The Terraces/Hollins Market,US BANK NA (WI),1
Poppleton/The Terraces/Hollins Market,"WELLS FARGO BANK, N.A. (CA)",1
Sandtown-Winchester/Harlem Park,"American Express, FSB (UT)",3
Sandtown-Winchester/Harlem Park,"Bank of America, N.A. (CA)",2
Sandtown-Winchester/Harlem Park,Barrington Bank and Trust (IL),1
Sandtown-Winchester/Harlem Park,"CITIBANK, N.A. (NY)",4
Sandtown-Winchester/Harlem Park,"Capital One Bank (USA), N.A. (VA)",4
Sandtown-Winchester/Harlem Park,"Chase Bank USA, NA (DE)",2
Sandtown-Winchester/Harlem Park,MetaBank (IA),1
Sandtown-Winchester/Harlem Park,PNC BANK N.A. (PA),1
Sandtown-Winchester/Harlem Park,"SUNTRUST BANKS, INC (GA)",1
Sandtown-Winchester/Harlem Park,Synchrony Bank (UT),2
Sandtown-Winchester/Harlem Park,TEXAS CAPITAL BANK (TX),1
Sandtown-Winchester/Harlem Park,US BANK NA (WI),1
Sandtown-Winchester/Harlem Park,"WELLS FARGO BANK, N.A. (CA)",4
Sandtown-Winchester/Harlem Park,WEX BANK (UT),1
Sandtown-Winchester/Harlem Park,WSFS Bank (DE),1
South Baltimore,1ST MARINER BANK (MD),1
South Baltimore,ALLY BANK (UT),1
South Baltimore,"American Express, FSB (UT)",3
South Baltimore,"Bank of America, N.A. (CA)",3
South Baltimore,Barrington Bank and Trust (IL),2
South Baltimore,"CITIBANK, N.A. (NY)",3
South Baltimore,"Capital One Bank (USA), N.A. (VA)",3
South Baltimore,"Chase Bank USA, NA (DE)",3
South Baltimore,"Citizens Bank, NA (RI)",1
South Baltimore,EVERBANK (FL),1
South Baltimore,First Citzens Bank & Trust Co (NC),1
South Baltimore,M&T BANK (NY),1
South Baltimore,PNC BANK N.A. (PA),3
South Baltimore,"SUNTRUST BANKS, INC (GA)",3
South Baltimore,Silicon Valley Bank (CA),1
South Baltimore,Synchrony Bank (UT),2
South Baltimore,TD Bank N.A. (DE),2
South Baltimore,TEXAS CAPITAL BANK (TX),1
South Baltimore,US BANK NA (WI),2
South Baltimore,"WELLS FARGO BANK, N.A. (CA)",2
South Baltimore,WEX BANK (UT),2
Southeastern,1ST MARINER BANK (MD),1
Southeastern,ALLY BANK (UT),1
Southeastern,AMERIS BANK (GA),1
Southeastern,"American Express, FSB (UT)",1
Southeastern,"BMO Harris Bank, N.A. (IL)",1
Southeastern,"Bank of America, N.A. (CA)",2
Southeastern,Barrington Bank and Trust (IL),1
Southeastern,"CITIBANK, N.A. (NY)",2
Southeastern,COMENITY CAPITAL BANK (UT),1
Southeastern,"Capital One Bank (USA), N.A. (VA)",1
Southeastern,"Capital One, N.A. (VA)",1
Southeastern,"Chase Bank USA, NA (DE)",1
Southeastern,"Citizens Bank, NA (RI)",1
Southeastern,JPMorgan Chase Bank NA (OH),1
Southeastern,M&T BANK (NY),1
Southeastern,Northwest Bank (PA),1
Southeastern,PNC BANK N.A. (PA),1
Southeastern,"SUNTRUST BANKS, INC (GA)",1
Southeastern,Sandy Spring Bank (MD),1
Southeastern,Signature Bank (NY),1
Southeastern,Silicon Valley Bank (CA),1
Southeastern,Synchrony Bank (UT),2
Southeastern,The Columbia Bank (MD),1
Southeastern,US BANK NA (WI),1
Southeastern,"WELLS FARGO BANK, N.A. (CA)",1
Southeastern,WEX BANK (UT),1
Southern Park Heights,ALLY BANK (UT),2
Southern Park Heights,"American Express, FSB (UT)",2
Southern Park Heights,"Bank of America, N.A. (CA)",3
Southern Park Heights,Barrington Bank and Trust (IL),1
Southern Park Heights,"CITIBANK, N.A. (NY)",3
Southern Park Heights,"Capital One Bank (USA), N.A. (VA)",1
Southern Park Heights,"Chase Bank USA, NA (DE)",2
Southern Park Heights,"John Deere Financial, f.s.b. (WI)",1
Southern Park Heights,PNC BANK N.A. (PA),1
Southern Park Heights,Synchrony Bank (UT),3
Southern Park Heights,US BANK NA (WI),2
Southern Park Heights,"WELLS FARGO BANK, N.A. (CA)",1
Southwest Baltimore,ALLY BANK (UT),1
Southwest Baltimore,AMERIS BANK (GA),2
Southwest Baltimore,"American Express, FSB (UT)",7
Southwest Baltimore,"BMO Harris Bank, N.A. (IL)",1
Southwest Baltimore,"Bank of America, N.A. (CA)",6
Southwest Baltimore,Bank of the West (CA),1
Southwest Baltimore,Barrington Bank and Trust (IL),5
Southwest Baltimore,"CITIBANK, N.A. (NY)",7
Southwest Baltimore,"Capital One Bank (USA), N.A. (VA)",8
Southwest Baltimore,"Chase Bank USA, NA (DE)",3
Southwest Baltimore,"Citizens Bank, NA (RI)",3
Southwest Baltimore,Lake Forest Bank and Trust (IL),1
Southwest Baltimore,M&T BANK (NY),2
Southwest Baltimore,MetaBank (IA),1
Southwest Baltimore,Old National Bank ((IN)),1
Southwest Baltimore,PNC BANK N.A. (PA),4
Southwest Baltimore,STEARNS BANK N A (MN),1
Southwest Baltimore,Sandy Spring Bank (MD),1
Southwest Baltimore,Synchrony Bank (UT),5
Southwest Baltimore,TEXAS CAPITAL BANK (TX),1
Southwest Baltimore,US BANK NA (WI),2
Southwest Baltimore,"WELLS FARGO BANK, N.A. (CA)",5
Southwest Baltimore,WEX BANK (UT),1
Southwest Baltimore,WSFS Bank (DE),1
Southwest Baltimore,Wheaton Bank and Trust (IL),1
The Waverlies,ALLY BANK (UT),1
The Waverlies,"American Express, FSB (UT)",3
The Waverlies,"Bank of America, N.A. (CA)",3
The Waverlies,Barrington Bank and Trust (IL),3
The Waverlies,Beverly Bank and Trust (IL),1
The Waverlies,"CITIBANK, N.A. (NY)",2
The Waverlies,"Capital One Bank (USA), N.A. (VA)",3
The Waverlies,"Capital One, N.A. (VA)",1
The Waverlies,"Chase Bank USA, NA (DE)",2
The Waverlies,FIRST NATIONAL BANK OF PA (PA),1
The Waverlies,M&T BANK (NY),2
The Waverlies,MetaBank (IA),1
The Waverlies,PNC BANK N.A. (PA),3
The Waverlies,"SUNTRUST BANKS, INC (GA)",3
The Waverlies,Synchrony Bank (UT),3
The Waverlies,TEXAS CAPITAL BANK (TX),1
The Waverlies,US BANK NA (WI),2
The Waverlies,"WELLS FARGO BANK, N.A. (CA)",2
The Waverlies,WEX BANK (UT),1
Unassigned--Jail,"American Express, FSB (UT)",1
Unassigned--Jail,"CITIBANK, N.A. (NY)",1
Upton/Druid Heights,AMERIS BANK (GA),1
Upton/Druid Heights,"American Express, FSB (UT)",4
Upton/Druid Heights,"BMO Harris Bank, N.A. (IL)",1
Upton/Druid Heights,"Bank of America, N.A. (CA)",3
Upton/Druid Heights,Barrington Bank and Trust (IL),2
Upton/Druid Heights,"CITIBANK, N.A. (NY)",3
Upton/Druid Heights,"Capital One Bank (USA), N.A. (VA)",4
Upton/Druid Heights,"Chase Bank USA, NA (DE)",2
Upton/Druid Heights,Lake Forest Bank and Trust (IL),2
Upton/Druid Heights,MetaBank (IA),2
Upton/Druid Heights,PNC BANK N.A. (PA),2
Upton/Druid Heights,"SUNTRUST BANKS, INC (GA)",1
Upton/Druid Heights,Synchrony Bank (UT),2
Upton/Druid Heights,US BANK NA (WI),2
Upton/Druid Heights,"WELLS FARGO BANK, N.A. (CA)",3
Washington Village/Pigtown,ALLY BANK (UT),1
Washington Village/Pigtown,"American Express, FSB (UT)",2
Washington Village/Pigtown,"BMO Harris Bank, N.A. (IL)",1
Washington Village/Pigtown,"Bank of America, N.A. (CA)",2
Washington Village/Pigtown,Bank of the West (CA),1
Washington Village/Pigtown,Barrington Bank and Trust (IL),2
Washington Village/Pigtown,"CITIBANK, N.A. (NY)",2
Washington Village/Pigtown,COMMUNITY BANK OF THE CHESAPEA (MD),1
Washington Village/Pigtown,"Capital One Bank (USA), N.A. (VA)",2
Washington Village/Pigtown,"Chase Bank USA, NA (DE)",2
Washington Village/Pigtown,"Citizens Bank, NA (RI)",1
Washington Village/Pigtown,FIRST NATIONAL BANK OF PA (PA),1
Washington Village/Pigtown,"HSBC BANK, NA (VA)",1
Washington Village/Pigtown,"John Deere Financial, f.s.b. (WI)",1
Washington Village/Pigtown,M&T BANK (NY),2
Washington Village/Pigtown,PNC BANK N.A. (PA),2
Washington Village/Pigtown,"SUNTRUST BANKS, INC (GA)",2
Washington Village/Pigtown,Sandy Spring Bank (MD),1
Washington Village/Pigtown,Synchrony Bank (UT),2
Washington Village/Pigtown,TEXAS CAPITAL BANK (TX),1
Washington Village/Pigtown,US BANK NA (WI),2
Washington Village/Pigtown,"WELLS FARGO BANK, N.A. (CA)",2
Washington Village/Pigtown,WEX BANK (UT),1
Westport/Mount Winans/Lakeland,1ST MARINER BANK (MD),1
Westport/Mount Winans/Lakeland,ALLY BANK (UT),1
Westport/Mount Winans/Lakeland,"American Express, FSB (UT)",2
Westport/Mount Winans/Lakeland,"Bank of America, N.A. (CA)",2
Westport/Mount Winans/Lakeland,Barrington Bank and Trust (IL),2
Westport/Mount Winans/Lakeland,"CITIBANK, N.A. (NY)",2
Westport/Mount Winans/Lakeland,"Capital One Bank (USA), N.A. (VA)",2
Westport/Mount Winans/Lakeland,"Capital One, N.A. (VA)",1
Westport/Mount Winans/Lakeland,"Chase Bank USA, NA (DE)",2
Westport/Mount Winans/Lakeland,"Citizens Bank, NA (RI)",2
Westport/Mount Winans/Lakeland,EAGLEBANK (MD),1
Westport/Mount Winans/Lakeland,FIRST NATIONAL BANK OF PA (PA),1
Westport/Mount Winans/Lakeland,M&T BANK (NY),2
Westport/Mount Winans/Lakeland,PNC BANK N.A. (PA),1
Westport/Mount Winans/Lakeland,"SUNTRUST BANKS, INC (GA)",1
Westport/Mount Winans/Lakeland,Sandy Spring Bank (MD),1
Westport/Mount Winans/Lakeland,Synchrony Bank (UT),2
Westport/Mount Winans/Lakeland,TEXAS CAPITAL BANK (TX),1
Westport/Mount Winans/Lakeland,US BANK NA (WI),1
Westport/Mount Winans/Lakeland,"WELLS FARGO BANK, N.A. (CA)",2
Westport/Mount Winans/Lakeland,WEX BANK (UT),2
Westport/Mount Winans/Lakeland,XENITH BANK (VA),1
